<?xml version="1.0" encoding="UTF-8"?>
<project-private xmlns="http://www.netbeans.org/ns/project-private/1">
    <editor-bookmarks xmlns="http://www.netbeans.org/ns/editor-bookmarks/2" lastBookmarkId="0"/>
    <open-files xmlns="http://www.netbeans.org/ns/projectui-open-files/2">
        <group>
            <file>file:/C:/Users/top%20net/Desktop/Cafe%20Management/src/cafe/dashboard.java</file>
            <file>file:/C:/Users/top%20net/Desktop/Cafe%20Management/src/cafe/Best.java</file>
            <file>file:/C:/Users/top%20net/Desktop/Cafe%20Management/src/cafe/login.java</file>
        </group>
    </open-files>
</project-private>
